{
  "Filter": {
    "1": 1.0,
    "2": 0.7426268435562827,
    "3": 0.5728629290263572
  },
  "Service": {
    "1": 1.0,
    "2": 1.003181258249661,
    "3": 1.0038035954204527
  }
}