{
  "Redis": {
    "1": 1.0,
    "2": 1.470560116755306,
    "3": 1.7166989690438401
  }
}