{
  "Filter": {
    "1": 1.0,
    "2": 0.7334602149085392,
    "3": 0.47289473455057
  },
  "Service": {
    "1": 1.0,
    "2": 1.0265003348814834,
    "3": 1.0249000591043926
  }
}