{"1": 1.0, "2": 0.9814571827034869, "3": 1.0097970745911635}