{"1": 1.0, "2": 1.0081684397273125, "3": 1.0086389911206812}