{"1": 1.0, "2": 1.1040922710642942, "3": 1.3311340862122265}