{"1": 1.0, "2": 1.0290598080961904, "3": 1.0352824454212144}