{"1": 1.0, "2": 0.6492247704620996, "3": 1.3225213850790332}