{"1": 1.0, "2": 0.9838519792503999, "3": 1.0037207045723153}