{"1": 1.0, "2": 1.0023766923592634, "3": 0.9979111235013964}