{"1": 1.0, "2": 1.0185064970235493, "3": 1.0126319012055494}